{
  "id": "2303086",
  "name": "小米",
  "font_family": "iconfont",
  "css_prefix_text": "icon-",
  "description": "",
  "glyphs": [
    {
      "icon_id": "1073401",
      "name": "右",
      "font_class": "you",
      "unicode": "e6f9",
      "unicode_decimal": 59129
    },
    {
      "icon_id": "16246883",
      "name": "安道通V3.ICON_大于",
      "font_class": "andaotongV3ICON_dayu",
      "unicode": "e63b",
      "unicode_decimal": 58939
    },
    {
      "icon_id": "5268908",
      "name": "小于",
      "font_class": "xiaoyuhao",
      "unicode": "e647",
      "unicode_decimal": 58951
    },
    {
      "icon_id": "10334067",
      "name": "大于",
      "font_class": "right",
      "unicode": "e600",
      "unicode_decimal": 58880
    },
    {
      "icon_id": "609279",
      "name": "搜索",
      "font_class": "sousuosearch82",
      "unicode": "e6d1",
      "unicode_decimal": 59089
    },
    {
      "icon_id": "11481160",
      "name": "购物车",
      "font_class": "gouwuche1",
      "unicode": "e652",
      "unicode_decimal": 58962
    },
    {
      "icon_id": "4166087",
      "name": "购物车",
      "font_class": "gouwuche",
      "unicode": "e610",
      "unicode_decimal": 58896
    }
  ]
}
